Region,Linf,Standard Error,k,Standard Error,t0,Sample size
California South,33.616723,0.226315,0.232583,0.009365,-0.26,339
California North,39.4354,1.476765,0.143238,0.021195,-0.36,19
Oregon South,36.577912,0.093125,0.219074,0.004396,-0.26,1668
Oregon North,36.94422,0.198507,0.234918,0.007077,-0.24,432
Washington South,41.368667,1.629365,0.13413,0.039825,-0.37,11
Washington North,34.771568,0.101107,0.2225,0.005219,-0.27,1261
